prompt,response
What is Python and why should I learn it?,"Python is a beginner-friendly, versatile programming language used in web development, data science, AI, and more. It's popular for its simple syntax and strong community support."
How do I install Python on my computer?,"Visit https://www.python.org/downloads, download the installer for your OS, and follow the instructions. On Windows, check 'Add Python to PATH' before installing."
"What are the basic requirements to start learning Python?""","You just need a computer, internet connection, and motivation! Install Python and a code editor like VS Code or use an online platform like Replit or Jupyter Notebook."
What is a good Python IDE or code editor for beginners?,"Popular options include VS Code, PyCharm, Thonny (for absolute beginners), and Jupyter Notebook (great for data science)."
How can I run a Python program?,You can run a Python script by saving it with a .py extension and using the command: python filename.py
Where can I practice Python online?,"You can use platforms like W3Schools, HackerRank, Replit, freeCodeCamp, and LeetCode to practice Python interactively."
How long does it take to learn Python?,It depends on your goal and time commitment. Basics can be learned in a few weeks; mastering advanced topics may take months with consistent practice.
To learn python suggest me some tutorials?,https://www.youtube.com/watch?v=eykoKxsYtow&list=PLeo1K3hjS3uv5U-Lmlnucd7gqF-3ehIh0
suggest me road map to learn the python,https://roadmap.sh/python
suggest me some materials,https://www.geeksforgeeks.org/best-way-to-start-learning-python-a-complete-roadmap/
What kind of jobs can I get after learning Python?,"Python is used in many fields. You can become a Python Developer, Data Analyst, Data Scientist, Web Developer, Automation Engineer, AI/ML Engineer, and more."
Is Python enough to get a job?,"Python is a great start. For most roles, you'll also need knowledge of related tools or frameworks (like Django, Flask, Pandas, NumPy, etc.), depending on the field you choose."
Can I get a remote job with Python skills?,"Yes, many Python-related jobs offer remote opportunities, especially in web development, data science, and automation. Platforms like Upwork, Toptal, and LinkedIn list such roles."""
Do I need a degree to get a job with Python?,"While a degree helps, it’s not mandatory. Many companies hire based on skills, projects, and portfolio. Certificates and GitHub projects can also strengthen your profile."
What industries use Python the most?,"Python is heavily used in tech, finance, healthcare, education, and e-commerce industries — especially for data analysis, automation, AI, and backend development."
What should I learn after Python to get a job?,"It depends on your interest. For web development, learn Django or Flask. For data, learn Pandas, NumPy, and visualization tools. For ML/AI, explore Scikit-learn, TensorFlow, or PyTorch."
How much can I earn with Python skills?,Salaries vary by role and region. Entry-level Python developers earn around $50k–$80k/year globally. Experienced roles like ML engineers or data scientists can earn $100k+
Can I freelance with Python?,"Absolutely! Python is great for freelancing projects like web scraping, automation scripts, small web apps, and data analysis. Sites like Upwork and Fiverr have active Python gigs."
What companies hire Python developers?,"Top companies like Google, Facebook, Amazon, Netflix, Microsoft, and many startups actively hire Python developers, especially for backend, automation, and data roles."
How can I build a portfolio with Python?,"Start by creating small projects: a to-do app, web scraper, weather app, data analysis project, or ML model. Host them on GitHub and showcase them in your resume or LinkedIn profile."
Hi,How can I assit you?
hello,How can I assit you?
